,,,,,,,,
"SPORTS PARTICIPATION AND INJURIES, UNITED STATES, 2007",,,,,,,,
,,,,,,,,
,,,Percent of injuries by age        ,,,,,
Sport or activity,Participants,Injuries,0-4,14-May,15-24,25-64,65 and over,year
Archery,"6,600,000","4,393",2.50%,14.10%,14.40%,58.50%,10.50%,2007
Baseball,"14,000,000","167,661",2.4,48.8,28.7,19.5,0.6,2007
Softball,"10,000,000","110,086",0.4,24.9,29.8,43.9,1,2007
Basketball,"24,100,000","481,011",0.3,32.5,47.7,19.3,0.2,2007
Bicycle riding (1) ,"37,400,000","505,413",5.5,43.5,17.8,29.8,3.3,2007
"Billiards, pool","29,500,000","5,045",8.2,26.3,18.1,44.5,3,2007
Bowling,"43,500,000","21,819",6.7,18.7,16.7,47.4,10.6,2007
Boxing,"794,000 (2)","14,884",0.4,8.5,54.3,36.7,0.1,2007
Cheerleading,"3,800,000 (3)","26,786",0.4,47.4,50.5,1.4,0.3,2007
Exercise,NA,"194,431 (4)",3.2,15,19.6,51.7,10.5,2007
Fishing,"35,300,000","71,615",2.9,19.4,15.5,52.4,9.9,2007
Football,"17,800,000 (2), (5)","455,193",0.3,47.1,42.4,10.1,0.1,2007
Golf,"22,700,000","36,886 (6)",4.3,22.7,10.1,41.3,21.6,2007
Gymnastics,NA,"29,373 (7)",3.3,68.8,22,5.6,0.3,2007
"Hockey: street, roller and field",NA,"6,081 (8)",0,25.9,65.5,8.6,0,2007
Horseback riding,NA,"78,527",1.4,19.2,18.9,56.7,3.7,2007
Horseshoe pitching,NA,"2,300",6.6,22.2,16.3,51.8,3,2007
Ice hockey,"2,100,000","18,679",0.5,30.4,49,20.2,0,2007
Ice skating,NA,"23,375 (9)",1,53.4,18.6,25.9,1.1,2007
Martial arts,"4,700,000 (2)","26,655",1.4,24.3,27.8,45.8,0.7,2007
Mountain biking,"7,400,000","10,458",0,8.1,19.4,72.3,0.2,2007
Mountain climbing,"4,600,000","3,875 (3)",1.5,9,43.4,43.7,1.9,2007
"Racquetball, squash and paddleball",NA,"6,642",0,4.2,31.8,56.4,7.6,2007
Roller skating,NA,"67,734 (10)",0.8,58.9,13.6,25.8,0.9,2007
Rugby,NA,"11,458",0,4,75.1,20.9,0,2007
Scuba diving,NA,"1,963 (3)",0,4.1,6.9,89,0,2007
Skateboarding,"10,100,000","143,682",1.5,49,39.3,10,0.1,2007
Snowboarding,"5,100,000","57,792",0.1,29,50.4,20.2,0.3,2007
Snowmobiling,"2,724,000 (2)","12,735",1.1,10.9,33.7,51.5,2.8,2007
Soccer,"13,800,000","198,679",0.5,41.6,40.5,17.1,0.2,2007
Swimming,"52,300,000","171,704 (11)",9.6,41.4,18.6,27.6,2.7,2007
Tennis,"12,300,000","21,775",0.2,18.8,18.1,46,16.9,2007
Track and field,NA,"19,853",0.1,43.6,48.8,7.5,0.3,2007
Volleyball,"12,000,000","57,039",0.1,29.4,41.7,28.5,0.3,2007
Water skiing,"5,300,000","9,652",0.7,5,45.2,49.1,0,2007
Weight lifting,"33,200,000","72,369",4.2,10.7,36.1,47,2,2007
Wrestling,"2,100,000","37,320",0,36.4,58.6,5,0,2007
,,,,,,,,
(1) Excludes mountain biking.,,,,,,,,
(2) Data for 2004.,,,,,,,,
(3) Data for 2006.,,,,,,,,
"(4) Includes exercise equipment (45,351 injuries) and exercise activity (149,080 injuries).",,,,,,,,
"(5) Includes 9,600,000 in touch football and 8,200,000 in tackle football.",,,,,,,,
"(6) Excludes golf carts (17,284 injuries).",,,,,,,,
"(7) Excludes trampolines (107,435 injuries).",,,,,,,,
"(8) Includes field hockey (4,819 injuries) and roller hockey (1,262 injuries, data for 2006). Excludes 34,165 injuries in hockey, unspecified.",,,,,,,,
"(9) Excludes 10,564 injuries in skating, unspecified.",,,,,,,,
"(10) Includes roller skating (43,146 injuries) and in-line skating (24,588 injuries).",,,,,,,,
"(11) Includes injuries associated with swimming, swimming pools, pool slides, diving or diving boards, and swimming pool equipment.",,,,,,,,
,,,,,,,,
NA=Data not available.,,,,,,,,
,,,,,,,,
,,,,,,,,
,,,,,,,,
Source: National Safety Council.,,,,,,,,
,,,,,,,,
"SPORTS PARTICIPATION AND INJURIES, UNITED STATES, 2009",,,,,,,,
,,,,,,,,
,,,Percent of injuries by age,,,,,
Sport or activity,Participants,Injuries,0-4,14-May,15-24,25-64,65 and over,year
Archery,"7,100,000","4,199",3.30%,12.00%,20.20%,50.60%,13.90%,2009
Baseball,"11,500,000","165,842",3.4,46.9,27.8,21,0.9,2009
Softball,"11,800,000","121,175",0.5,25.8,32.5,40.1,1,2009
Basketball,"24,400,000","501,251",0.4,29.4,49.7,20.4,0.2,2009
Bicycle riding (1),"38,100,000","534,928",5.3,40.8,18.2,32.1,3.7,2009
"Billiards, pool","28,200,000","5,269",1.9,20.4,24.2,51.8,1.7,2009
Bowling,"45,000,000","20,878",5.7,14.6,13.3,55.6,10.8,2009
Boxing,NA,"18,455",0.5,9,53.7,36.5,0.4,2009
Cheerleading,"2,900,000 (2)","31,456",-3,49.7,49,1.2,-3,2009
Exercise,NA,"265,938 (4)",2.7,12.1,18.4,53.9,12.9,2009
Fishing,"32,900,000","75,490",2.3,19,13.4,54.5,10.9,2009
Football,"8,900,000 (5)","451,961",0.4,47.5,41.7,10.4,0.1,2009
Golf,"22,300,000","41,009 (6)",4.7,20.5,7.6,42,25.2,2009
Gymnastics,"3,900,000","29,606 (7)",4,70.7,21.7,3.6,-3,2009
"Hockey, field",NA,"4,017",3.1,28.7,63.1,5.1,-3,2009
Horseback riding,NA,"78,499",1.8,17.4,20.1,56.9,3.8,2009
Horseshoe pitching,NA,"2,251",3.3,3.9,17,56.2,19.6,2009
Ice hockey,"3,100,000","19,035",0.2,30.9,49.8,18.7,0.4,2009
Ice skating,NA,"21,926 (8)",2.7,52,17.4,26.5,1.4,2009
Martial arts,NA,"28,909",0.5,24.4,25.3,49.6,0.2,2009
Mountain biking,"8,400,000","9,627",1.4,5.9,22,69.1,1.5,2009
Mountain climbing,NA,"4,376",0.4,16.2,34.5,49,-3,2009
"Racquetball, squash and paddleball",NA,"6,594",2.5,5.1,21.1,69.2,2.1,2009
Roller skating,NA,"63,550 (9)",1.4,50.7,14.7,32.1,1.1,2009
Rugby,NA,"14,847",-3,2.4,78.3,19.3,-3,2009
Scuba diving,NA,"1,331",1.2,6.2,34,52.3,6.3,2009
Skateboarding,"8,400,000","144,416",1.4,46.2,39.9,12.3,0.2,2009
Snowboarding,"6,200,000","54,188",-3,26.1,51.1,22.5,0.2,2009
Snowmobiling,NA,"12,154",0.6,6.3,30.4,61,1.7,2009
Soccer,"13,600,000","208,214",0.6,42.1,39.5,17.7,0.2,2009
Swimming,"50,200,000","175,388 (10)",10.3,40.2,18.2,27.5,3.8,2009
Tennis,"10,800,000","23,611",0.6,14.5,20.2,38.4,26.3,2009
Track and field,NA,"22,191",0.1,40.9,47.8,10.9,0.3,2009
Volleyball,"10,700,000","60,159",0.3,27.7,43.6,27.5,0.9,2009
Water skiing,"5,200,000","7,032",-3,16.5,40.8,42.7,-3,2009
Weight lifting,"34,500,000","86,307",3.5,8,34.8,50.9,2.8,2009
Wrestling,"3,000,000","41,712",0.2,36.4,57.8,5.6,-3,2009
,,,,,,,,
,,,,,,,,
,,,,,,,,
"SPORTS PARTICIPATION AND INJURIES, UNITED STATES, 2010",,,,,,,,
,,,,,,,,
,,,Percent of injuries by age,,,,,
Sport or activity,Participants,Injuries (1),0-4,14-May,15-24,25-64,65 and over,year
Archery ,"6,500,000","6,162",0.60%,10.70%,27.50%,44.50%,16.70%,2010
Baseball ,"12,500,000","162,925",2.5,49.8,27.3,19.6,0.8,2010
Softball ,"10,800,000","119,389",0.3,27.6,31,40.3,0.9,2010
Basketball ,"26,900,000","528,584",0.4,31.3,48.9,19.3,0.2,2010
Bicycle riding (2),"39,800,000","530,551",5.4,38.8,17.7,34,4.1,2010
"Billiards, pool ","24,000,000","4,516",4.1,18.5,22.4,49.5,5.5,2010
Bowling ,"39,000,000","24,263",9.1,13.1,17,49.7,11.1,2010
Boxing ,NA,"22,055",-3,9.8,50.7,39.1,0.4,2010
Cheerleading ,"2,900,000 (4)","36,288",0.1,51.9,46.3,1.7,-3,2010
Exercise ,NA,"291,173 (5)",2.5,11.7,20.2,55.4,10.2,2010
Fishing ,"33,800,000","69,963",3.3,16.7,13,55.9,11.2,2010
Football ,"9,300,000 (6)","489,676",0.3,49.2,40.7,9.7,0.1,2010
Golf ,"21,900,000","35,199 (7)",4.6,18.4,7.8,40.1,29.1,2010
Gymnastics ,"4,800,000","28,743 (8)",3.4,70.2,21.5,4.9,0.1,2010
"Hockey, street and field ",NA,"8,210 (9)",0.6,37.1,55.5,6.8,-3,2010
Horseback riding ,NA,"68,871",1.6,17.6,20.9,55.4,4.5,2010
Horseshoe pitching ,NA,"2,504",3.5,15.5,11.7,53.6,15.7,2010
Ice hockey ,"3,300,000","19,613",0.1,31.3,52.9,15.6,0.1,2010
Ice skating ,NA,"23,046",1.7,48.9,21.4,26,1.9,2010
Martial arts ,NA,"33,104",1,21.7,30.2,46.5,0.7,2010
Mountain biking ,"7,200,000","11,195",0.1,7.7,27,64.4,0.8,2010
Mountain climbing ,NA,"3,478",2,12.9,36.6,41.8,6.6,2010
"Racquetball, squash and paddleball ",NA,"5,715",0.1,3.7,29.7,61.9,4.6,2010
Roller skating ,NA,"68,657 (10)",0.6,54.9,13.1,30.9,0.5,2010
Rugby ,NA,"15,105",-3,4.9,77.5,17.6,-3,2010
Scuba diving ,NA,"1,331 (11)",1.2,6.2,34,52.3,6.3,2010
Skateboarding ,"7,700,000","130,627",1.3,45.1,43,10.4,0.1,2010
Snowboarding ,"6,100,000","57,555",-3,26.8,49.2,23.7,0.2,2010
Snowmobiling ,NA,"11,010",-3,7.2,22.6,66.3,3.9,2010
Soccer ,"13,500,000","226,142",0.7,42.4,39.4,17.4,0.1,2010
Swimming ,"51,900,000","225,493 (12)",9.8,41.9,17.8,27.6,2.8,2010
Tennis ,"12,300,000","22,768",0.8,15.4,21,41,21.7,2010
Track and field ,NA,"27,830",-3,35.2,50.6,13.2,1,2010
Volleyball ,"10,600,000","58,072",0.3,30.7,41,27.1,0.9,2010
Water skiing ,"5,200,000","8,881",0.8,10.2,34.5,54.5,-3,2010
Weight lifting ,"31,500,000","94,692",3.6,10.2,33.7,49.8,2.7,2010
Wrestling ,"2,900,000","42,486",-3,36.4,59.1,4.5,-3,2010
,,,,,,,,
"SPORTS INJURIES IN THE UNITED STATES, 2012",,,,,,,,
,,,,,,,,
,,Percent of injuries by age,,,,,,
Sport or activity,Injuries (1),0-4,14-May,15-24,25-64,65 and over,year,
Archery,"6,055",3.60%,10.10%,22.90%,49.10%,14.30%,2012,
Baseball,"159,220",3.3,50,28,18,0.7,2012,
Basketball,"569,746",0.4,33.3,48.4,17.8,0.2,2012,
Bicycle riding (2),"547,499",5.1,35,18.6,37.1,4.1,2012,
"Billiards, pool","4,983",6.6,17.2,21.5,49.4,5.3,2012,
Bowling,"18,685",8.5,10.5,11.3,57.7,12,2012,
Boxing,"20,203",1.2,8.4,48.4,42,-3,2012,
Cheerleading,"39,153",0.1,52.9,46.1,0.9,-3,2012,
Exercise,"364,137 (4)",2.1,11.8,20.1,55,11,2012,
Fishing,"72,629",2.8,17.7,12.9,55.9,10.6,2012,
Football,"466,492",0.2,51.6,38.9,9.2,0.1,2012,
Golf,"36,308 (5)",3.7,16.3,9.5,36.5,34,2012,
Gymnastics,"30,600 (6)",3.1,71,21.1,4.5,0.3,2012,
"Hockey (street, roller, and field)","8,243",0.1,36.3,51,12.7,-3,2012,
Horseback riding,"66,543",1.8,17.5,22.4,53.5,4.8,2012,
Horseshoe pitching,"1,898",8.9,31.6,7.9,42.9,8.7,2012,
Ice hockey,"18,962",-3,33.7,44.8,21.3,0.2,2012,
Ice skating,"20,873 (7)",1.6,49,18.2,30.2,1.1,2012,
Martial arts,"36,065",0.6,25.8,31.2,42.2,0.2,2012,
Mountain biking,"9,176",0.9,7,22.2,68.3,1.7,2012,
Mountain climbing,"4,446",0.1,14.6,37.4,43.8,4.1,2012,
"Racquetball, squash, and paddleball","5,601",-3,12.5,25.1,53.7,8.7,2012,
Roller skating,"62,906 (8)",0.8,53.2,14.2,30.9,0.9,2012,
Rugby,"15,270",-3,2.8,79.3,17.8,-3,2012,
Scuba diving,"1,437",5,10.3,22.6,55.2,6.9,2012,
Skateboarding,"114,120",1.2,34.3,51.1,13.4,-3,2012,
Snowboarding,"38,805",0.2,23.6,53.9,22.2,-3,2012,
Snowmobiling,"5,633",1.2,13,24.5,56.7,4.6,2012,
Soccer,"231,447",0.7,42.8,39.2,17.1,0.2,2012,
Softball,"106,490",0.5,31,30.4,37.4,0.7,2012,
Swimming,"213,464 (9)",9.6,41.7,17.4,27.6,3.6,2012,
Tennis,"24,224",0.4,17.7,18.4,39.7,23.6,2012,
Track and field,"29,679",-3,41,47.5,11.2,0.2,2012,
Volleyball,"61,495",-3,33.1,45.1,21.3,0.5,2012,
Waterskiing,"7,577",-3,8.4,38,51.7,1.9,2012,
Weight lifting,"100,300",3,8.7,36.6,49.2,2.5,2012,
Wrestling,"45,646",-3,37.2,56.5,6.2,-3,2012,
,,,,,,,,
,,,,,,,,
,,,,,,,,
,,,,,,,,
"SPORTS INJURIES IN THE UNITED STATES, 2013",,,,,,,,
,,,,,,,,
,,Percent of injuries by age,,,,,,
Sport or activity,Injuries (1),0 to 4,5 to 14,15 to 24,25 to 64,65 and over,year,
Basketball,"533,509",0.40%,32.80%,47.80%,18.80%,0.20%,2013,
Bicycle riding (2),"521,578",4.6,33.4,18.3,39,4.7,2013,
Football,"420,581",0.3,51.2,39.5,8.9,0.1,2013,
Exercise (3),"365,797",1.5,10.6,20.6,56,11.3,2013,
Soccer,"229,088",0.8,44.6,37.8,16.4,0.3,2013,
Swimming (4),"184,190",9.2,41.7,17,27.8,4.4,2013,
Baseball,"143,784",2.2,50.2,26.8,19.8,0.9,2013,
Skateboarding,"120,424",1,35.1,51.3,12.4,0.2,2013,
Weightlifting,"110,188",2.8,8.6,35.8,49.3,3.6,2013,
Softball,"100,010",0.3,30.5,30.9,37.1,1.2,2013,
Fishing,"70,541",3.3,16.7,16.6,50.3,13.1,2013,
Roller skating (5),"57,743",0.8,53.5,12.3,32.9,0.4,2013,
Horseback riding,"54,609",1.2,16.9,23.1,53.1,5.6,2013,
Volleyball,"50,845",-6,31.9,44,23.1,0.9,2013,
Wrestling,"42,633",-6,42.2,53.4,4.4,-6,2013,
Snowboarding,"38,630",0.4,23.8,51.4,24.1,0.3,2013,
Cheerleading,"36,311",0.1,52.4,47,0.5,-6,2013,
Gymnastics (7),"36,001",3,74,17.6,4.6,0.7,2013,
Martial arts,"34,395",0.5,29,27.8,42.4,0.3,2013,
Golf (8),"33,101",1.7,13.7,7.6,39.2,37.8,2013,
Track and field,"29,296",-6,41.3,43.3,13.8,1.7,2013,
Ice skating (9),"20,443",0.6,47,21.7,28.3,2.4,2013,
Boxing,"19,675",0.1,6.3,46.6,46.1,0.9,2013,
Tennis,"19,292",0.5,16.2,16.3,41.3,25.7,2013,
Bowling,"16,982",11.9,15.1,11.3,50.6,11.1,2013,
Ice hockey,"16,871",-6,37.3,40.4,21.2,1,2013,
Rugby,"13,567",-6,7.3,76.8,15.9,-6,2013,
Mountain biking,"9,763",0.8,6.5,19.7,70.9,2.1,2013,
Snowmobiling,"9,270",-6,7.2,23.3,69.1,0.4,2013,
Archery,"5,153",1.6,15.7,23.4,49.8,9.4,2013,
Waterskiing,"5,114",-6,8.4,43.1,47.6,0.9,2013,
"Racquetball, squash and paddleball","4,411",1.9,11.2,32.7,46.4,7.9,2013,
Mountain climbing,"4,307",-6,17.3,36.2,43.8,2.7,2013,
"Hockey, field","4,241",-6,25.3,61.6,13.1,-6,2013,
"Billiards, pool","3,698",9.4,25.2,10.8,49.5,5.1,2013,
Horseshoe pitching,"1,449",5.4,6.9,12.4,64.7,10.6,2013,
Scuba diving (10),"1,437",5,10.3,22.6,55.2,6.9,2013,
,,,,,,,,
"Sports Injuries By Number of Injuries, 2014",,,,,,,,
,,,,,,,,
,,Percent of injuries by age,,,,,,
Sport or activity,Injuries (1),0 to 4,5 to 14,15 to 24,25 to 64,65 and over,year,
Basketball ,"522,817",0.40%,34.30%,47.00%,18.10%,0.20%,2014,
Bicycle riding (2),"502,104",4.5,33.8,17.2,38.3,6.2,2014,
Football ,"396,457",0.4,50.6,40,8.9,0.1,2014,
Exercise (3),"368,904",1.6,12,19.3,54.9,12.2,2014,
Soccer ,"239,943",1.1,43.7,38.8,16.4,-4,2014,
Swimming (5),"179,188",9.6,42.4,16.1,26.5,5.4,2014,
Baseball ,"130,376",2.9,49.4,29.4,17.5,0.8,2014,
Skateboarding ,"119,760",0.8,34,49.7,15.4,0.1,2014,
Weight lifting ,"100,904",2.5,7.7,32.8,53.6,3.5,2014,
Softball ,"95,465",0.1,31.4,33.1,33.8,1.6,2014,
Roller skating (6),"66,601",1.1,56.4,11.3,30,1.1,2014,
Fishing ,"66,290",3.7,17.8,16.2,51.6,10.7,2014,
Volleyball ,"52,548",0.1,36,41.9,21.4,0.6,2014,
Horseback riding ,"50,688",1,20.4,23,47.7,7.9,2014,
Wrestling ,"39,700",-4,41.8,53.3,5,-4,2014,
Cheerleading ,"35,894",0.2,49.7,48.5,1.5,-4,2014,
Gymnastics (7),"34,550",1.8,75.9,19.8,2.4,0.1,2014,
Snowboarding ,"31,847",0.4,23.2,51.3,25.1,-4,2014,
Golf (8),"30,047",3.5,13.2,6.6,40,36.6,2014,
Martial arts ,"30,043",0.4,31.7,28.7,38.6,0.6,2014,
Track and field,"29,484",-4,39.5,43.5,16.3,0.7,2014,
Ice skating (9),"20,127",1.5,45.7,19.5,30,3.3,2014,
Tennis ,"19,800",0.3,14.3,19.2,36.3,30,2014,
Ice hockey ,"17,627",0.1,36.9,42,20.6,0.4,2014,
Boxing ,"16,673",0.1,8.8,43.7,46.8,0.6,2014,
Bowling ,"16,613",9.1,13.8,15.5,45,16.6,2014,
Rugby ,"11,925",-4,6.8,74.7,18.5,-4,2014,
Mountain biking ,"8,822",-4,5.5,18.7,74.1,1.8,2014,
Snowmobiling ,"6,641",1.2,2.5,24.5,70.1,1.6,2014,
"Hockey, field ","5,782",1.7,35.8,49.2,13.3,-4,2014,
Mountain climbing ,"5,395",0.3,8.2,40,49.9,1.6,2014,
Water skiing ,"4,807",-4,9.8,40.1,50.1,-4,2014,
Archery ,"3,948",2,16.9,19.1,50.2,11.9,2014,
"Billiards, pool ","3,500",15.7,14.1,9.1,57.9,3.2,2014,
"Racquetball, squash and paddleball ","3,375",2.2,6.4,21.7,61,8.7,2014,
Horseshoe pitching (10),"1,449",5.4,6.9,12.4,64.7,10.6,2014,
Scuba diving ,"1,220",1.3,10.8,21.2,65.4,1.3,2014,
,,,,,,,,
,,,,,,,,
,,,,,,,,
"Sports Injuries By Number of Injuries, 2015",,,,,,,,
,,,,,,,,
,,,Number of injuries by age,,,,,
Sport or activity,Injuries (1),Percent concussion- related (2),Younger than 5,5 to 14,15 To 24,25 to 64,65 and older,year
Basketball,"493,011",3%,"1,736","172,998","225,560","91,529","1,158","2,015"
Bicycle riding,"488,123",3,"20,085","147,916","87,869","195,576","36,646","2,015"
Football,"399,873",8,990,"204,795","158,315","35,294",479,"2,015"
Exercise (3),"361,551",1,"5,696","36,947","75,015","196,445","47,432","2,015"
Soccer,"227,732",6,"2,064","104,167","84,972","36,122",407,"2,015"
Swimming (4),"191,396",2,"18,089","79,312","32,309","51,537","10,133","2,015"
Skateboarding,"125,145",3,"1,150","40,488","63,375","19,877",239,"2,015"
Baseball,"120,234",5,"3,248","61,215","33,958","20,266","1,547","2,015"
Weight lifting,"107,655",1,"3,160","8,921","34,833","56,535","4,206","2,015"
Trampolines,"107,123",2,"16,636","68,323","13,399","8,592",173,"2,015"
Softball,"95,285",4,203,"31,311","30,036","32,429","1,306","2,015"
Fishing,"66,529",<0.5,"1,330","10,023","11,103","35,556","8,518","2,015"
Dancing,"58,160",1,"2,124","14,521","16,531","19,856","5,128","2,015"
Skating–roller (5),"57,192",<0.5,380,"30,586","8,755","16,735",736,"2,015"
Volleyball,"57,067",4,196,"19,304","25,434","11,429",704,"2,015"
Horseback riding,"56,727",7,754,"9,268","14,402","28,055","4,248","2,015"
Cheerleading,"40,843",6,98,"22,861","17,467",417,0,"2,015"
Wrestling,"39,775",7,0,"15,483","21,641","2,651",0,"2,015"
Golf (6),"37,369",<0.5,855,"3,958","1,982","12,964","17,610","2,015"
Gymnastics (7),"35,063",2,686,"27,657","5,019","1,680",16,"2,015"
Track and field,"32,237",2,114,"12,821","14,347","4,719",237,"2,015"
Martial arts,"26,949",3,181,"7,351","7,823","11,451",143,"2,015"
Snowboarding,"25,452",10,43,"6,292","13,367","5,622",128,"2,015"
Tennis,"23,609",2,121,"3,254","3,352","10,078","6,804","2,015"
Skating–ice,"21,701",6,287,"9,438","5,910","5,637",429,"2,015"
Hockey–unspecified,"21,339",4,140,"7,100","7,703","6,365",32,"2,015"
Hockey–ice,"19,283",12,38,"6,296","7,583","4,999",367,"2,015"
Bowling,"17,680",1,"1,501","2,118","3,451","8,496","2,113","2,015"
Boxing,"16,897",4,49,"2,259","7,483","7,075",30,"2,015"
Lacrosse,"15,999",8,0,"5,691","9,579",729,0,"2,015"
Surfing,"13,832",1,17,"3,138","3,327","7,065",286,"2,015"
Rugby,"11,101",7,0,255,"9,186","1,660",0,"2,015"
Snowmobiling,"9,561",6,81,733,"2,404","5,974",370,"2,015"
Biking–mountain,"9,011",5,16,454,"1,582","6,653",306,"2,015"
Water skiing,"7,335",4,0,544,"2,535","3,946",311,"2,015"
Skating–unspecified,"6,828",<0.5,16,"4,484","1,042","1,237",49,"2,015"
"Hockey–street, roller, field","5,901",6,17,"1,766","2,635","1,483",0,"2,015"
Water tubing,"5,280",9,0,"1,205","1,336","2,690",49,"2,015"
Mountain climbing,"5,186",2,91,315,"1,874","2,877",31,"2,015"
Archery,"4,506",<0.5,22,755,825,"2,484",420,"2,015"
"Racquetball, squash and paddleball","4,354",<0.5,6,392,"1,108","2,081",767,"2,015"
Handball,"4,103",2,0,"1,302","1,469","1,045",287,"2,015"
"Billiards, pool","3,299",2,126,752,314,"1,601",506,"2,015"
,,,,,,,,
,,,,,,,,
"Sports Injuries By Number Of Injuries, 2017",,,,,,,,
,,,,,,,,
,,Number of injuries by age,,,,,,
"Sport, activity or equipment",Injuries (1),Younger than 5,5 to 14,14 to 24,25 to 64,65 and older,year,
"Exercise, exercise equipment","526,350","7,103","54,407","110,072","282,716","72,052","2,017",
Basketball,"500,085","1,532","181,607","227,216","88,571","1,159","2,017",
Bicycles and accessories,"457,266","17,871","129,620","70,495","201,539","37,740","2,017",
Football,"341,150",876,"171,621","136,296","31,972",384,"2,017",
Playground equipment,"242,359","57,119","163,689","7,174","12,651","1,726","2,017",
Soccer,"218,926","1,473","98,746","84,016","34,044",647,"2,017",
"ATV's, mopeds, minibikes, etc.","214,761","3,501","38,967","54,327","98,860","19,106","2,017",
"Swimming, pools, equipment","199,246","21,304","87,672","30,113","48,282","11,875","2,017",
"Baseball, softball","187,447","3,279","82,772","53,563","44,971","2,862","2,017",
Trampolines,"145,207","26,658","90,671","16,543","11,239",95,"2,017",
Skateboards,"98,486","1,403","26,922","47,859","22,073",229,"2,017",
"Lacrosse, rugby, misc. ball games","73,829",791,"29,629","25,624","12,091","5,694","2,017",
Skating (excl. in-line),"67,132",575,"33,696","11,789","19,374","1,699","2,017",
Volleyball,"51,653",30,"17,510","24,086","9,547",481,"2,017",
Horseback riding,"48,796",578,"8,001","10,295","25,615","4,306","2,017",
Hockey,"44,353",149,"13,862","18,333","11,894",115,"2,017",
"Track and field activities, equipment","35,938",82,"14,091","16,176","5,221",367,"2,017",
"Beach, picnic, camping equipment","28,604","3,140","5,450","2,134","12,946","4,933","2,017",
Racquet sports,"28,310",117,"4,882","4,615","10,040","8,656","2,017",
"Water skiing, tubing, surfing","20,463",388,"3,589","6,260","9,904",322,"2,017",
"Nonpowder guns, BB'S, pellets","18,652","1,185","6,679","5,488","5,114",186,"2,017",
Boxing,"17,293",157,"1,657","8,063","7,400",16,"2,017",
"Toboggans, sleds, snow discs, etc.","13,954","1,166","7,662","1,689","3,340",96,"2,017",
,,,,,,,,
"Sports Injuries By Number Of Injuries, 2019",,,,,,,,
,,,,,,,,
,,Number of injuries by age,,,,,,
"Sport, activity or equipment",Injuries (1),Younger than 5,5 to 14,15 to 24,25 to 64,65 and older,year,
"Exercise, exercise equipment","468,315","6,266","46,926","87,189","250,747","77,187","2,019",
Bicycles and accessories,"417,485","12,691","113,445","58,072","191,049","42,228","2,019",
Basketball,"403,980","1,250","139,733","185,316","76,066","1,615","2,019",
Football,"292,306",429,"149,149","116,946","25,131",651,"2,019",
Playground equipment,"222,527","54,372","148,577","7,256","10,376","1,946","2,019",
"ATV's, mopeds, minibikes, etc.","201,847","4,407","37,831","51,686","89,833","18,090","2,019",
"Swimming, pools, equipment","190,743","21,811","77,296","31,309","47,457","12,871","2,019",
Soccer,"188,336","2,060","84,938","71,030","29,569",739,"2,019",
"Baseball, softball","157,164","2,380","65,058","48,188","38,211","3,327","2,019",
Skateboards,"148,921","2,837","46,071","51,864","44,891","3,257","2,019",
Trampolines,"123,029","23,979","74,378","12,711","11,625",336,"2,019",
"Lacrosse, rugby, misc. ball games","74,326",163,"28,310","22,613","13,371","9,869","2,019",
Skating (excl. In-line),"67,008",833,"31,293","12,980","20,611","1,291","2,019",
Fishing,"61,932","1,926","11,987","9,542","31,028","7,449","2,019",
Volleyball,"51,455",32,"18,479","22,652","9,674",618,"2,019",
Horseback riding,"43,469",963,"8,200","9,650","20,563","4,093","2,019",
Hockey,"36,885",200,"12,268","14,951","9,060",407,"2,019",
"Track and field activities, equipment","28,048",0,"11,287","12,274","4,189",298,"2,019",
Martial arts,"27,008",288,"7,720","6,868","11,583",549,"2,019",
Racquet sports,"25,844",250,"3,408","4,091","9,229","8,867","2,019",
"Beach, picnic, camping equipment","25,728","2,803","4,391","2,526","11,797","4,212","2,019",
"Water skiing, tubing, surfing","18,143",98,"2,186","5,932","9,389",538,"2,019",
Bowling,"16,615",938,"1,293","2,478","7,762","4,145","2,019",
Boxing,"16,071",23,"2,001","7,000","6,976",71,"2,019",
"Nonpowder guns, BB'S, pellets","11,995",369,"3,583","4,052","3,460",530,"2,019",
"Toboggans, sleds, snow discs, etc.","10,661",942,"4,950","1,255","3,398",115,"2,019",
,,,,,,,,
,,,,,,,,
"Sports Injuries By Number Of Injuries, 2020",,,,,,,,
,,,,,,,,
,,,Number of injuries by age ,,,,,
"Sport, activity or equipment",Injuries (1),Younger than 5 ,5 to 14 ,15 to 24 ,25 to 64 ,65 and older ,year,
Bicycles and accessories,"425,910","16,295","118,776","53,880","183,675","53,283","2,020",
"Exercise, exercise equipment","377,939","6,441","23,552","66,860","211,879","69,207","2,020",
"ATV's, mopeds, minibikes, etc.","229,974","4,390","40,836","57,705","113,531","13,512","2,020",
"Skateboards, scooters, hoverboards","217,646","6,099","81,327","63,955","60,869","5,396","2,020",
Basketball,"214,847","1,218","64,750","102,588","45,062","1,228","2,020",
"Swimming, pools, equipment","129,708","16,926","48,021","17,885","36,842","10,033","2,020",
Football,"122,181",362,"55,970","50,698","14,711",440,"2,020",
Playground equipment,"120,829","34,986","71,040","4,803","8,494","1,505","2,020",
Trampolines,"106,358","23,998","62,879","8,256","10,818",406,"2,020",
Soccer,"81,452",966,"32,904","34,253","13,297",32,"2,020",
"Baseball, softball","70,209","1,885","24,854","22,189","18,932","2,349","2,020",
Fishing,"65,107","2,667","12,370","10,607","31,730","7,733","2,020",
Skating (excl. In-line),"51,331",685,"20,755","10,090","18,970",831,"2,020",
Horseback riding,"44,012",582,"7,335","7,274","23,704","5,118","2,020",
"Lacrosse, rugby, misc. ball games","29,134",469,"6,729","7,960","6,899","7,076","2,020",
Volleyball,"23,597",81,"8,134","9,683","5,549",151,"2,020",
"Beach, picnic, camping equipment","22,578","3,064","5,013","2,133","8,809","3,558","2,020",
"Water skiing, tubing, surfing","21,754",242,"3,417","7,652","9,882",562,"2,020",
Hockey,"19,098",254,"6,121","8,371","4,225",127,"2,020",
Racquet sports,"16,360",95,"1,481","1,650","6,254","6,880","2,020",
Martial arts,"15,820",165,"4,063","3,511","7,579",503,"2,020",
Boxing,"12,648",21,"1,318","5,750","5,559",0,"2,020",
"Nonpowder guns, BB'S, pellets","10,115",538,"3,124","3,285","2,984",184,"2,020",
"Track and field activities, equipment","10,071",78,"3,664","4,641","1,611",76,"2,020",
,,,,,,,,
"Sports Injuries By Number Of Injuries, 2021",,,,,,,,
,,,,,,,,
,,,Number of injuries by age ,,,,,
"Sport, activity or equipment",Injuries (1),Younger than 5 ,5 to 14 ,15 to 24 ,25 to 64 ,65 and older ,year,
"Exercise, exercise equipment","409,224","7,246","30,552","76,078","222,405","72,943","2,021",
Bicycles and accessories,"375,797","12,425","92,242","48,396","173,442","49,293","2,021",
Basketball,"259,779","1,637","79,207","127,219","50,724",992,"2,021",
"Skateboards, scooters, hoverboards","245,177","6,996","78,917","73,676","79,868","5,720","2,021",
"ATV's, mopeds, minibikes, etc.","238,404","4,244","44,933","62,275","113,484","13,468","2,021",
Football,"222,086",500,"110,171","92,802","18,212",401,"2,021",
Playground equipment,"178,043","46,991","114,875","5,787","9,179","1,211","2,021",
"Swimming, pools, equipment","155,787","19,131","65,906","21,625","37,057","12,069","2,021",
Soccer,"144,895","1,124","59,184","59,086","24,790",710,"2,021",
Trampolines,"117,492","25,171","70,008","11,217","10,781",316,"2,021",
"Baseball, softball","116,020","2,909","45,392","37,966","27,129","2,623","2,021",
Skating (excl. In-line),"69,001",366,"25,956","13,855","28,004",821,"2,021",
Golf,"58,802","1,965","6,378","7,028","18,957","24,474","2,021",
"Snowskiing, snowboarding","57,065",15,"11,006","21,247","22,019","2,779","2,021",
Fishing,"56,499","2,116","9,364","7,184","30,256","7,579","2,021",
"Lacrosse, rugby, misc. ball games","55,469",327,"15,828","16,137","13,223","9,955","2,021",
Horseback riding,"41,923",742,"6,779","9,252","20,183","4,967","2,021",
Volleyball,"38,574",57,"13,487","18,766","6,075",189,"2,021",
Hockey,"32,982",299,"10,250","14,082","8,007",345,"2,021",
Martial arts,"24,493",5,"6,757","6,558","10,741",432,"2,021",
"Beach, picnic, camping equipment","23,492","1,995","3,255","2,057","11,387","4,798","2,021",
Racquet sports,"20,693",117,"2,758","3,452","6,911","7,455","2,021",
"Water skiing, tubing, surfing","18,220",84,"3,282","4,654","9,726",474,"2,021",
"Toboggans, sleds, snow discs, etc.","17,140",853,"7,656","3,157","4,865",610,"2,021",
"Track and field activities, equipment","15,882",10,"5,638","7,048","2,718",469,"2,021",
Boxing,"15,559",36,"2,061","6,784","6,679",0,"2,021",
"Nonpowder guns, BB'S, pellets","10,158",683,"3,167","2,853","3,146",309,"2,021",
,,,,,,,,
"Sports Injuries By Number Of Injuries, 2022",,,,,,,,
,,,,,,,,
,,Number of injuries by age ,,,,,,
"Sport, activity or equipment",Injuries (1),Younger than 5 ,5 to 14 ,15 to 24 ,25 to 64 ,65 and older ,year,
"Exercise, exercise equipment","445,642","6,662","36,769","91,013","229,640","81,558","2,022",
Bicycles and accessories,"405,411","13,297","91,089","50,863","195,030","55,132","2,022",
Basketball,"313,924","1,216","109,696","143,773","57,413","1,825","2,022",
Football,"265,747",581,"145,499","100,760","18,527",381,"2,022",
"ATV's, mopeds, minibikes, etc.","242,347","3,688","42,069","61,065","122,941","12,584","2,022",
"Skateboards, scooters, hoverboards","230,506","8,513","64,439","61,546","88,328","7,680","2,022",
Playground equipment,"208,257","53,585","136,267","6,978","9,740","1,687","2,022",
"Swimming, pools, equipment","187,465","21,893","80,356","28,091","43,604","13,521","2,022",
Soccer,"179,284","1,313","80,540","68,602","27,997",832,"2,022",
"Baseball, softball","136,874","2,560","61,336","39,981","29,232","3,765","2,022",
Trampolines,"123,014","32,186","70,400","10,805","9,366",257,"2,022",
Skating (excl. In-line),"76,505",356,"31,816","14,117","28,278","1,938","2,022",
"Lacrosse, rugby, misc. ball games","66,882",455,"20,252","20,142","15,334","10,699","2,022",
"Snowskiing, snowboarding","66,633",173,"12,493","24,298","26,267","3,402","2,022",
Golf,"60,897","1,729","9,166","5,080","21,108","23,815","2,022",
Fishing,"57,257","1,204","10,711","8,169","27,733","9,439","2,022",
Volleyball,"50,643",82,"16,923","25,461","7,151","1,027","2,022",
Horseback,"46,577",644,"8,462","10,003","22,958","4,511","2,022",
Hockey,"37,893",186,"10,967","16,469","9,494",778,"2,022",
Martial arts,"30,113",22,"9,288","8,336","11,969",496,"2,022",
"Beach, picnic, camping equipment","25,935","2,144","3,900","2,624","11,868","5,399","2,022",
"Track and field activities, equipment","22,591",78,"9,504","9,413","3,180",416,"2,022",
Racquet sports,"21,730",196,"2,901","3,627","7,384","7,621","2,022",
"Water skiing, tubing, surfing","21,180",81,"2,792","6,207","10,969","1,131","2,022",
Boxing,"17,445",63,"2,017","8,545","6,784",36,"2,022",
"Toboggans, sleds, snow discs, etc.","14,040","1,436","6,136","2,635","3,261",572,"2,022",
"Nonpowder guns, BB'S, pellets","11,603",519,"3,286","3,443","3,869",487,"2,022",
,,,,,,,,
,,,,,,,,
,,,,,,,,
"Sports Injuries By Number Of Injuries, 2023",,,,,,,,
,,,,,,,,
,,Number of injuries by age ,,,,,,
"Sport, activity or equipment",Injuries (1),Younger than 5,5 to 14,15 to 24,25 to 64,65 and older,year,
"Exercise, exercise equipment","482,886","7,750","40,592","95,671","247,518","91,354","2,023",
Bicycles and accessories,"405,688","13,312","92,776","54,207","195,805","49,588","2,023",
Basketball,"332,391","1,573","114,123","149,816","64,915","1,964","2,023",
"ATV's, mopeds, minibikes, etc.","269,657","3,827","44,487","76,485","131,303","13,555","2,023",
Football,"263,585",560,"140,877","101,796","19,605",746,"2,023",
"Skateboards, scooters, hoverboards","221,313","6,528","60,376","58,480","88,507","7,422","2,023",
Soccer,"212,423","2,069","101,072","75,978","32,140","1,164","2,023",
Playground equipment,"190,942","49,233","125,692","5,373","9,019","1,624","2,023",
"Swimming, pools, equipment","166,011","20,254","66,420","24,348","42,791","12,198","2,023",
"Baseball, softball","139,940","2,399","59,255","42,973","31,789","3,524","2,023",
Trampolines,"111,212","25,516","67,926","8,682","8,683",404,"2,023",
"Lacrosse, rugby, misc. ball games","72,096",528,"17,948","18,321","19,526","15,773","2,023",
Skating (excl. In-line),"69,833",682,"27,552","12,834","26,674","2,091","2,023",
Golf,"67,488","1,701","8,117","7,422","23,239","27,009","2,023",
Volleyball,"54,904",41,"19,952","25,160","8,645","1,106","2,023",
Fishing,"54,230","1,212","11,019","7,091","27,420","7,488","2,023",
Hockey,"40,948",130,"12,456","17,274","10,395",694,"2,023",
Martial arts,"31,423",48,"8,600","8,605","13,760",411,"2,023",
Racquet sports,"22,769",88,"2,900","4,318","7,515","7,949","2,023",
"Beach, picnic, camping equipment","22,637","2,595","3,593","1,938","10,119","4,392","2,023",
Boxing,"21,806",55,"2,387","10,389","8,645",331,"2,023",
"Water skiing, tubing, surfing","18,165",144,"2,269","5,174","9,727",851,"2,023",
,,,,,,,,
,,,,,,,,
,,,,,,,,
"Sports Injuries By Number Of Injuries, 2024",,,,,,,,
,,,,,,,,
,,Number of injuries by age ,,,,,,
"Sport, activity or equipment",Injuries (1),Younger than 5,5 to 14,15 to 24,25 to 64,65 and older,year,
"Exercise, exercise equipment","564,845","9,056","40,616","106,552","289,494","119,127","2,024",
Bicycles and accessories,"454,008","16,072","105,446","64,605","211,314","56,412","2,024",
Basketball,"385,777","1,584","128,395","176,752","76,644","2,402","2,024",
Football,"318,243",-2,"172,530","121,268","22,245",-2,"2,024",
"ATV's, mopeds, minibikes, etc.","312,924","4,197","59,126","81,427","149,753","18,393","2,024",
"Skateboards, scooters, hoverboards","295,067","9,095","72,815","71,023","131,317","10,736","2,024",
Soccer,"265,761","2,031","124,958","91,215","46,390",-2,"2,024",
Playground equipment,"231,245","59,501","148,211","8,429","13,118","1,985","2,024",
"Swimming, pools, equipment","182,344","19,133","71,812","30,174","47,444","13,677","2,024",
"Baseball, softball","154,757","2,947","66,587","47,221","33,721","4,280","2,024",
Trampolines,"118,179","26,156","71,613","11,057","9,139",-2,"2,024",
"Lacrosse, rugby, misc. ball games","97,511",-2,"25,058","30,215","25,414","16,425","2,024",
Skating (excl. In-line),"74,331",-2,"30,368","13,638","27,661","2,140","2,024",
Fishing,"73,812","2,184","17,538","13,885","31,676","8,529","2,024",
Golf,"72,026","2,062","7,741","8,288","24,670","29,266","2,024",
Volleyball,"65,440",-2,"20,638","30,457","13,013",-2,"2,024",
Horseback,"48,521",-2,"7,466","11,595","21,908","7,032","2,024",
Hockey,"46,955",-2,"14,764","19,154","12,039",-2,"2,024",
Martial arts,"34,538",-2,"8,195","9,529","16,456",-2,"2,024",
"Track and field activities, equipment","31,940",-2,"10,486","15,079","5,542",-2,"2,024",
"Beach, picnic, camping equipment","30,738","3,641","4,686","1,432","13,543","7,437","2,024",
Racquet sports,"28,251",-2,"3,606","5,996","10,862","7,653","2,024",
Boxing,"25,863",-2,"2,785","12,297","10,696",-2,"2,024",
"Water skiing, tubing, surfing","17,264",-2,"2,912","4,666","8,782",-2,"2,024",
Bowling,"13,403",-2,"1,638","2,111","5,218","3,371","2,024",